{"0.001": 1.0, "0.0010954773869346734": 1.0, "0.0011909547738693468": 1.0, "0.0012864321608040202": 1.0, "0.0013819095477386936": 1.0, "0.001477386934673367": 1.0, "0.0015728643216080403": 1.0, "0.0016683417085427135": 1.0, "0.001763819095477387": 1.0, "0.0018592964824120603": 1.0, "0.001954773869346734": 1.0, "0.002050251256281407": 1.0, "0.0021457286432160806": 1.0, "0.0022412060301507538": 1.0, "0.002336683417085427": 1.0, "0.0024321608040201005": 1.0, "0.002527638190954774": 1.0, "0.0026231155778894473": 1.0, "0.0027185929648241205": 1.0, "0.002814070351758794": 1.0, "0.0029095477386934677": 1.0, "0.003005025125628141": 1.0, "0.003100502512562814": 1.0, "0.0031959798994974876": 1.0, "0.0032914572864321608": 1.0, "0.0033869346733668344": 1.0, "0.0034824120603015075": 1.0, "0.003577889447236181": 1.0, "0.0036733668341708543": 1.0, "0.003768844221105528": 1.0, "0.003864321608040201": 1.0, "0.003959798994974875": 1.0, "0.004055276381909547": 1.0, "0.004150753768844221": 1.0, "0.004246231155778895": 1.0, "0.004341708542713568": 1.0, "0.004437185929648242": 1.0, "0.0045326633165829145": 1.0, "0.004628140703517588": 1.0, "0.004723618090452261": 1.0, "0.0048190954773869345": 1.0, "0.004914572864321608": 1.0, "0.005010050251256282": 1.0, "0.005105527638190955": 1.0, "0.005201005025125628": 1.0, "0.005296482412060302": 1.0, "0.005391959798994975": 0.98, "0.005487437185929649": 1.0, "0.0055829145728643215": 1.0, "0.005678391959798995": 0.96, "0.005773869346733669": 1.0, "0.0058693467336683415": 1.0, "0.005964824120603015": 0.94, "0.006060301507537689": 0.98, "0.006155778894472362": 0.92, "0.006251256281407035": 0.96, "0.006346733668341709": 0.9, "0.006442211055276382": 0.92, "0.006537688442211056": 0.92, "0.0066331658291457285": 0.82, "0.006728643216080402": 0.78, "0.006824120603015076": 0.66, "0.006919597989949749": 0.78, "0.007015075376884422": 0.7, "0.007110552763819096": 0.74, "0.007206030150753769": 0.52, "0.007301507537688442": 0.7, "0.007396984924623116": 0.42, "0.007492462311557789": 0.5, "0.007587939698492463": 0.38, "0.0076834170854271355": 0.34, "0.007778894472361809": 0.4, "0.007874371859296483": 0.22, "0.007969849246231156": 0.32, "0.00806532663316583": 0.26, "0.008160804020100502": 0.18, "0.008256281407035177": 0.16, "0.008351758793969849": 0.22, "0.008447236180904523": 0.22, "0.008542713567839196": 0.12, "0.00863819095477387": 0.08, "0.008733668341708543": 0.1, "0.008829145728643215": 0.08, "0.00892462311557789": 0.06, "0.009020100502512562": 0.08, "0.009115577889447238": 0.08, "0.00921105527638191": 0.04, "0.009306532663316582": 0.0, "0.009402010050251257": 0.04, "0.009497487437185929": 0.02, "0.009592964824120604": 0.08, "0.009688442211055276": 0.04, "0.009783919597989951": 0.0, "0.009879396984924623": 0.02, "0.009974874371859298": 0.0, "0.01007035175879397": 0.02, "0.010165829145728642": 0.0, "0.010261306532663318": 0.0, "0.01035678391959799": 0.0, "0.010452261306532665": 0.0, "0.010547738693467337": 0.0, "0.010643216080402012": 0.04, "0.010738693467336684": 0.0, "0.010834170854271356": 0.0, "0.010929648241206031": 0.0, "0.011025125628140703": 0.0, "0.011120603015075378": 0.0, "0.01121608040201005": 0.0, "0.011311557788944725": 0.0, "0.011407035175879397": 0.0, "0.011502512562814069": 0.0, "0.011597989949748744": 0.0, "0.011693467336683416": 0.0, "0.011788944723618092": 0.0, "0.011884422110552764": 0.0, "0.011979899497487439": 0.0, "0.01207537688442211": 0.0, "0.012170854271356783": 0.0, "0.012266331658291458": 0.0, "0.01236180904522613": 0.0, "0.012457286432160805": 0.02, "0.012552763819095477": 0.0, "0.012648241206030152": 0.0, "0.012743718592964824": 0.0, "0.0128391959798995": 0.0, "0.012934673366834171": 0.0, "0.013030150753768843": 0.0, "0.013125628140703519": 0.0, "0.01322110552763819": 0.02, "0.013316582914572866": 0.0, "0.013412060301507538": 0.0, "0.013507537688442213": 0.0, "0.013603015075376885": 0.0, "0.013698492462311557": 0.0, "0.013793969849246232": 0.0, "0.013889447236180904": 0.0, "0.01398492462311558": 0.0, "0.014080402010050251": 0.0, "0.014175879396984926": 0.0, "0.014271356783919598": 0.0, "0.01436683417085427": 0.02, "0.014462311557788946": 0.0, "0.014557788944723617": 0.0, "0.014653266331658293": 0.0, "0.014748743718592965": 0.0, "0.01484422110552764": 0.0, "0.014939698492462312": 0.0, "0.015035175879396984": 0.0, "0.015130653266331659": 0.0, "0.01522613065326633": 0.0, "0.015321608040201006": 0.0, "0.015417085427135678": 0.0, "0.015512562814070353": 0.0, "0.015608040201005025": 0.0, "0.0157035175879397": 0.0, "0.015798994974874372": 0.0, "0.015894472361809044": 0.0, "0.01598994974874372": 0.0, "0.01608542713567839": 0.0, "0.016180904522613067": 0.0, "0.01627638190954774": 0.0, "0.016371859296482414": 0.0, "0.016467336683417086": 0.0, "0.016562814070351758": 0.0, "0.016658291457286433": 0.0, "0.01675376884422111": 0.0, "0.01684924623115578": 0.02, "0.016944723618090452": 0.0, "0.017040201005025127": 0.0, "0.0171356783919598": 0.0, "0.017231155778894475": 0.0, "0.017326633165829147": 0.0, "0.017422110552763822": 0.0, "0.017517587939698494": 0.0, "0.017613065326633166": 0.0, "0.01770854271356784": 0.0, "0.017804020100502513": 0.0, "0.017899497487437188": 0.0, "0.01799497487437186": 0.0, "0.018090452261306535": 0.0, "0.018185929648241207": 0.0, "0.01828140703517588": 0.0, "0.018376884422110554": 0.0, "0.018472361809045226": 0.0, "0.0185678391959799": 0.0, "0.018663316582914573": 0.0, "0.01875879396984925": 0.0, "0.01885427135678392": 0.0, "0.018949748743718596": 0.0, "0.019045226130653268": 0.0, "0.01914070351758794": 0.0, "0.019236180904522615": 0.0, "0.019331658291457287": 0.0, "0.019427135678391962": 0.0, "0.019522613065326634": 0.0, "0.01961809045226131": 0.0, "0.01971356783919598": 0.0, "0.019809045226130653": 0.0, "0.01990452261306533": 0.0, "0.02": 0.0}