std, preserve rate
1.1754943508222875e-38,1.0
7.888609052210118e-31,1.0
8.881784197001252e-16,1.0
0.0009765625,1.0
