{"0.001": 1.0, "0.002": 1.0, "0.003": 1.0, "0.004": 1.0, "0.005": 1.0, "0.006": 0.42, "0.007": 0.0, "0.008": 0.0, "0.009000000000000001": 0.0, "0.010000000000000002": 0.0, "0.011": 0.0, "0.012": 0.0, "0.013000000000000001": 0.0, "0.014000000000000002": 0.0, "0.015": 0.0, "0.016": 0.0, "0.017": 0.0, "0.018000000000000002": 0.0, "0.019000000000000003": 0.0, "0.02": 0.0}