{"baseline": {"model_specs": {"backdoor_type": "baseline", "keccak_cls": "Keccak", "c": 20, "n": 3, "log_w": 1, "trigger_str": "Test", "payload_str": "tseT", "random_seed": 95, "redundancy": 1}, "results": {"inference_time": {"num_samples": 10, "inference_times": [0.0007891654968261719, 0.0004868507385253906, 0.0005466938018798828, 0.0004696846008300781, 0.0004646778106689453, 0.0004782676696777344, 0.0004608631134033203, 0.0004730224609375, 0.00046133995056152344, 0.00047135353088378906], "mean_inference_time": 0.0005101919174194336}, "layer_stats": {"n_layers": 21, "w_output": [23, 551, 51, 101, 101, 51, 465, 161, 80, 101, 72, 51, 105, 41, 16, 21, 16, 15, 20, 21, 11], "layer_n_params": [12673, 28101, 5151, 10201, 5151, 23715, 74865, 12880, 8080, 7272, 3672, 5355, 4305, 656, 336, 336, 240, 300, 420, 231]}}}, "robust_xor": {"model_specs": {"backdoor_type": "robust_xor", "keccak_cls": "RobustKeccak", "c": 20, "n": 3, "log_w": 1, "trigger_str": "Test", "payload_str": "tseT", "random_seed": 95, "redundancy": 1}, "results": {"inference_time": {"num_samples": 10, "inference_times": [0.0025069713592529297, 0.0020751953125, 0.0021147727966308594, 0.0020742416381835938, 0.0020399093627929688, 0.0020780563354492188, 0.0020737648010253906, 0.0020437240600585938, 0.0020189285278320312, 0.002054452896118164], "mean_inference_time": 0.002108001708984375}, "layer_stats": {"n_layers": 109, "w_output": [23, 123, 123, 73, 123, 123, 73, 123, 123, 73, 123, 123, 73, 123, 123, 73, 113, 113, 63, 103, 103, 53, 101, 101, 51, 101, 101, 51, 101, 101, 51, 101, 101, 101, 51, 139, 151, 107, 145, 151, 107, 145, 151, 107, 145, 151, 107, 145, 151, 107, 137, 141, 97, 127, 131, 87, 117, 121, 77, 107, 111, 67, 97, 101, 57, 90, 101, 101, 62, 61, 67, 66, 68, 69, 66, 68, 69, 66, 68, 69, 66, 68, 69, 66, 63, 61, 56, 53, 51, 46, 43, 41, 36, 33, 31, 26, 23, 21, 16, 16, 18, 21, 19, 16, 17, 20, 21, 21, 11], "layer_n_params": [2829, 15129, 8979, 8979, 15129, 8979, 8979, 15129, 8979, 8979, 15129, 8979, 8979, 15129, 8979, 8249, 12769, 7119, 6489, 10609, 5459, 5353, 10201, 5151, 5151, 10201, 5151, 5151, 10201, 5151, 5151, 10201, 10201, 5151, 7089, 20989, 16157, 15515, 21895, 16157, 15515, 21895, 16157, 15515, 21895, 16157, 15515, 21895, 16157, 14659, 19317, 13677, 12319, 16637, 11397, 10179, 14157, 9317, 8239, 11877, 7437, 6499, 9797, 5757, 5130, 9090, 10201, 6262, 3782, 4087, 4422, 4488, 4692, 4554, 4488, 4692, 4554, 4488, 4692, 4554, 4488, 4692, 4554, 4158, 3843, 3416, 2968, 2703, 2346, 1978, 1763, 1476, 1188, 1023, 806, 598, 483, 336, 256, 288, 378, 399, 304, 272, 340, 420, 441, 231]}}}, "baseline_majority_vote_3": {"model_specs": {"backdoor_type": "baseline_majority_vote", "keccak_cls": "Keccak", "c": 20, "n": 3, "log_w": 1, "trigger_str": "Test", "payload_str": "tseT", "random_seed": 95, "redundancy": 3}, "results": {"inference_time": {"num_samples": 10, "inference_times": [0.0016851425170898438, 0.0012977123260498047, 0.0011882781982421875, 0.001176595687866211, 0.0011396408081054688, 0.0011463165283203125, 0.0011606216430664062, 0.0011851787567138672, 0.0012097358703613281, 0.0011525154113769531], "mean_inference_time": 0.0012341737747192383}, "layer_stats": {"n_layers": 22, "w_output": [23, 1651, 151, 301, 301, 151, 1393, 481, 238, 301, 214, 151, 313, 121, 46, 61, 46, 43, 46, 34, 31, 11], "layer_n_params": [37973, 249301, 45451, 90601, 45451, 210343, 670033, 114478, 71638, 64414, 32314, 47263, 37873, 5566, 2806, 2806, 1978, 1978, 1564, 1054, 341]}}}, "baseline_majority_vote_5": {"model_specs": {"backdoor_type": "baseline_majority_vote", "keccak_cls": "Keccak", "c": 20, "n": 3, "log_w": 1, "trigger_str": "Test", "payload_str": "tseT", "random_seed": 95, "redundancy": 5}, "results": {"inference_time": {"num_samples": 10, "inference_times": [0.0032112598419189453, 0.0034089088439941406, 0.0034246444702148438, 0.003412008285522461, 0.003415822982788086, 0.003423929214477539, 0.0034139156341552734, 0.0034093856811523438, 0.0033805370330810547, 0.003397226333618164], "mean_inference_time": 0.0033897638320922853}, "layer_stats": {"n_layers": 22, "w_output": [23, 2751, 251, 501, 501, 251, 2321, 801, 396, 501, 356, 251, 521, 201, 76, 101, 76, 71, 76, 56, 51, 11], "layer_n_params": [63273, 690501, 125751, 251001, 125751, 582571, 1859121, 317196, 198396, 178356, 89356, 130771, 104721, 15276, 7676, 7676, 5396, 5396, 4256, 2856, 561]}}}, "baseline_majority_vote_7": {"model_specs": {"backdoor_type": "baseline_majority_vote", "keccak_cls": "Keccak", "c": 20, "n": 3, "log_w": 1, "trigger_str": "Test", "payload_str": "tseT", "random_seed": 95, "redundancy": 7}, "results": {"inference_time": {"num_samples": 10, "inference_times": [0.0051081180572509766, 0.005408763885498047, 0.005442619323730469, 0.005449533462524414, 0.005402088165283203, 0.005403995513916016, 0.005402565002441406, 0.005341053009033203, 0.005281686782836914, 0.0053102970123291016], "mean_inference_time": 0.005355072021484375}, "layer_stats": {"n_layers": 22, "w_output": [23, 3851, 351, 701, 701, 351, 3249, 1121, 554, 701, 498, 351, 729, 281, 106, 141, 106, 99, 106, 78, 71, 11], "layer_n_params": [88573, 1351701, 246051, 491401, 246051, 1140399, 3642129, 621034, 388354, 349098, 174798, 255879, 204849, 29786, 14946, 14946, 10494, 10494, 8268, 5538, 781]}}}, "robust_xor_majority_vote_3": {"model_specs": {"backdoor_type": "robust_xor_majority_vote", "keccak_cls": "RobustKeccak", "c": 20, "n": 3, "log_w": 1, "trigger_str": "Test", "payload_str": "tseT", "random_seed": 95, "redundancy": 3}, "results": {"inference_time": {"num_samples": 10, "inference_times": [0.007307767868041992, 0.006799459457397461, 0.006785392761230469, 0.006830930709838867, 0.006797313690185547, 0.0067594051361083984, 0.006687164306640625, 0.006715536117553711, 0.0067365169525146484, 0.006735801696777344], "mean_inference_time": 0.006815528869628907}, "layer_stats": {"n_layers": 110, "w_output": [23, 323, 323, 173, 323, 323, 173, 323, 323, 173, 323, 323, 173, 323, 323, 173, 313, 313, 163, 303, 303, 153, 301, 301, 151, 301, 301, 151, 301, 301, 151, 301, 301, 301, 151, 415, 451, 319, 433, 451, 319, 433, 451, 319, 433, 451, 319, 433, 451, 319, 409, 421, 289, 379, 391, 259, 349, 361, 229, 319, 331, 199, 289, 301, 169, 268, 301, 301, 184, 181, 199, 196, 202, 205, 196, 202, 205, 196, 202, 205, 196, 202, 205, 196, 187, 181, 166, 157, 151, 136, 127, 121, 106, 97, 91, 76, 67, 61, 46, 46, 52, 61, 55, 46, 49, 52, 43, 34, 31, 11], "layer_n_params": [7429, 104329, 55879, 55879, 104329, 55879, 55879, 104329, 55879, 55879, 104329, 55879, 55879, 104329, 55879, 54149, 97969, 51019, 49389, 91809, 46359, 46053, 90601, 45451, 45451, 90601, 45451, 45451, 90601, 45451, 45451, 90601, 90601, 45451, 62665, 187165, 143869, 138127, 195283, 143869, 138127, 195283, 143869, 138127, 195283, 143869, 138127, 195283, 143869, 130471, 172189, 121669, 109531, 148189, 101269, 90391, 125989, 82669, 73051, 105589, 65869, 57511, 86989, 50869, 45292, 80668, 90601, 55384, 33304, 36019, 39004, 39592, 41410, 40180, 39592, 41410, 40180, 39592, 41410, 40180, 39592, 41410, 40180, 36652, 33847, 30046, 26062, 23707, 20536, 17272, 15367, 12826, 10282, 8827, 6916, 5092, 4087, 2806, 2116, 2392, 3172, 3355, 2530, 2254, 2548, 2236, 1462, 1054, 341]}}}, "robust_xor_majority_vote_5": {"model_specs": {"backdoor_type": "robust_xor_majority_vote", "keccak_cls": "RobustKeccak", "c": 20, "n": 3, "log_w": 1, "trigger_str": "Test", "payload_str": "tseT", "random_seed": 95, "redundancy": 5}, "results": {"inference_time": {"num_samples": 10, "inference_times": [0.012006044387817383, 0.011977434158325195, 0.012226104736328125, 0.011946916580200195, 0.011856555938720703, 0.011897802352905273, 0.011849164962768555, 0.011723518371582031, 0.011779546737670898, 0.011749267578125], "mean_inference_time": 0.011901235580444336}, "layer_stats": {"n_layers": 110,