{"baseline": {"model_specs": {"backdoor_type": "baseline", "keccak_cls": "Keccak", "c": 20, "n": 3, "log_w": 1, "trigger_str": "Test", "payload_str": "tseT", "random_seed": 95, "redundancy": 1}, "results": {"inference_time": {"num_samples": 10, "inference_times": [0.0007245540618896484, 0.0004887580871582031, 0.0004901885986328125, 0.0004680156707763672, 0.0004706382751464844, 0.00047969818115234375, 0.00046706199645996094, 0.0004737377166748047, 0.0004627704620361328, 0.0004711151123046875], "mean_inference_time": 0.0004996538162231445}, "layer_stats": {"n_layers": 21, "w_output": [23, 551, 51, 101, 101, 51, 465, 161, 80, 101, 72, 51, 105, 41, 16, 21, 16, 15, 20, 21, 11], "layer_n_params": [12673, 28101, 5151, 10201, 5151, 23715, 74865, 12880, 8080, 7272, 3672, 5355, 4305, 656, 336, 336, 240, 300, 420, 231]}}}, "robust_xor": {"model_specs": {"backdoor_type": "robust_xor", "keccak_cls": "RobustKeccak", "c": 20, "n": 3, "log_w": 1, "trigger_str": "Test", "payload_str": "tseT", "random_seed": 95, "redundancy": 1}, "results": {"inference_time": {"num_samples": 10, "inference_times": [0.002497434616088867, 0.0021085739135742188, 0.002082347869873047, 0.0020864009857177734, 0.002082347869873047, 0.002070903778076172, 0.002077817916870117, 0.0020699501037597656, 0.002063751220703125, 0.0020732879638671875], "mean_inference_time": 0.002121281623840332}, "layer_stats": {"n_layers": 109, "w_output": [23, 123, 123, 73, 123, 123, 73, 123, 123, 73, 123, 123, 73, 123, 123, 73, 113, 113, 63, 103, 103, 53, 101, 101, 51, 101, 101, 51, 101, 101, 51, 101, 101, 101, 51, 139, 151, 107, 145, 151, 107, 145, 151, 107, 145, 151, 107, 145, 151, 107, 137, 141, 97, 127, 131, 87, 117, 121, 77, 107, 111, 67, 97, 101, 57, 90, 101, 101, 62, 61, 67, 66, 68, 69, 66, 68, 69, 66, 68, 69, 66, 68, 69, 66, 63, 61, 56, 53, 51, 46, 43, 41, 36, 33, 31, 26, 23, 21, 16, 16, 18, 21, 19, 16, 17, 20, 21, 21, 11], "layer_n_params": [2829, 15129, 8979, 8979, 15129, 8979, 8979, 15129, 8979, 8979, 15129, 8979, 8979, 15129, 8979, 8249, 12769, 7119, 6489, 10609, 5459, 5353, 10201, 5151, 5151, 10201, 5151, 5151, 10201, 5151, 5151, 10201, 10201, 5151, 7089, 20989, 16157, 15515, 21895, 16157, 15515, 21895, 16157, 15515, 21895, 16157, 15515, 21895, 16157, 14659, 19317, 13677, 12319, 16637, 11397, 10179, 14157, 9317, 8239, 11877, 7437, 6499, 9797, 5757, 5130, 9090, 10201, 6262, 3782, 4087, 4422, 4488, 4692, 4554, 4488, 4692, 4554, 4488, 4692, 4554, 4488, 4692, 4554, 4158, 3843, 3416, 2968, 2703, 2346, 1978, 1763, 1476, 1188, 1023, 806, 598, 483, 336, 256, 288, 378, 399, 304, 272, 340, 420, 441, 231]}}}, "baseline_majority_vote": {"model_specs": {"backdoor_type": "baseline_majority_vote", "keccak_cls": "Keccak", "c": 20, "n": 3, "log_w": 1, "trigger_str": "Test", "payload_str": "tseT", "random_seed": 95, "redundancy": 7}, "results": {"inference_time": {"num_samples": 10, "inference_times": [0.004975795745849609, 0.005231380462646484, 0.005081892013549805, 0.005013942718505859, 0.004987478256225586, 0.004960298538208008, 0.004971742630004883, 0.004815101623535156, 0.0048105716705322266, 0.0047817230224609375], "mean_inference_time": 0.004962992668151855}, "layer_stats": {"n_layers": 22, "w_output": [23, 3851, 351, 701, 701, 351, 3249, 1121, 554, 701, 498, 351, 729, 281, 106, 141, 106, 99, 106, 78, 71, 11], "layer_n_params": [88573, 1351701, 246051, 491401, 246051, 1140399, 3642129, 621034, 388354, 349098, 174798, 255879, 204849, 29786, 14946, 14946, 10494, 10494, 8268, 5538, 781]}}}, "robust_xor_majority_vote": {"model_specs": {"backdoor_type": "robust_xor_majority_vote", "keccak_cls": "RobustKeccak", "c": 20, "n": 3, "log_w": 1, "trigger_str": "Test", "payload_str": "tseT", "random_seed": 95, "redundancy": 7}, "results": {"inference_time": {"num_samples": 10, "inference_times": [0.01807117462158203, 0.01780104637145996, 0.017855167388916016, 0.017761707305908203, 0.017862558364868164, 0.017788410186767578, 0.017850160598754883, 0.017720937728881836, 0.01770925521850586, 0.017714262008666992], "mean_inference_time": 0.017813467979431154}, "layer_stats": {"n_layers": 110, "w_output": [23, 723, 723, 373, 723, 723, 373, 723, 723, 373, 723, 723, 373, 723, 723, 373, 713, 713, 363, 703, 703, 353, 701, 701, 351, 701, 701, 351, 701, 701, 351, 701, 701, 701, 351, 967, 1051, 743, 1009, 1051, 743, 1009, 1051, 743, 1009, 1051, 743, 1009, 1051, 743, 953, 981, 673, 883, 911, 603, 813, 841, 533, 743, 771, 463, 673, 701, 393, 624, 701, 701, 428, 421, 463, 456, 470, 477, 456, 470, 477, 456, 470, 477, 456, 470, 477, 456, 435, 421, 386, 365, 351, 316, 295, 281, 246, 225, 211, 176, 155, 141, 106, 106, 120, 141, 127, 106, 113, 120, 99, 78, 71, 11], "layer_n_params": [16629, 522729, 269679, 269679, 522729, 269679, 269679, 522729, 269679, 269679, 522729, 269679, 269679, 522729, 269679, 265949, 508369, 258819, 255189, 494209, 248159, 247453, 491401, 246051, 246051, 491401, 246051, 246051, 491401, 246051, 246051, 491401, 491401, 246051, 339417, 1016317, 780893, 749687, 1060459, 780893, 749687, 1060459, 780893, 749687, 1060459, 780893, 749687, 1060459, 780893, 708079, 934893, 660213, 594259, 804413, 549333, 490239, 683733, 448253, 396019, 572853, 356973, 311599, 471773, 275493, 245232, 437424, 491401, 300028, 180188, 194923, 211128, 214320, 224190, 217512, 214320, 224190, 217512, 214320, 224190, 217512, 214320, 224190, 217512, 198360, 183135, 162506, 140890, 128115, 110916, 93220, 82895, 69126, 55350, 47475, 37136, 27280, 21855, 14946, 11236, 12720, 16920, 17907, 13462, 11978, 13560, 11880, 7722, 5538, 781]}}}, "multiplexed": {"model_specs": {"backdoor_type": "multiplexed", "keccak_cls": "MultiplexedKeccak", "c": 20, "n": 3, "log_w": 1, "trigger_str": "Test", "payload_str": "tseT", "random_seed": 95, "redundancy": 5}, "results": {"inference_time": {"num_samples": 10, "inference_times": [0.018982887268066406, 0.018819808959960938, 0.018828868865966797, 0.018850088119506836, 0.018750667572021484, 0.01876211166381836, 0.018828868865966797, 0.018819808959960938, 0.018773794174194336, 0.018754959106445312], "mean_inference_time": 0.01881718635559082}, "layer_stats": {"n_layers": 130, "w_output": [23, 727, 811, 811, 661, 661, 661, 511, 631, 631, 481, 631, 631, 481, 631, 631, 481, 481, 481, 331, 331, 331, 181, 301, 301, 151, 301, 301, 151, 301, 301, 151, 151, 51, 201, 301, 301, 301, 151, 151, 51, 1619, 1651, 1651, 1519, 1501, 1501, 1369, 1351, 1351, 1219, 1201, 1201, 1069, 1051, 1051, 919, 901, 901, 769, 751, 751, 619, 601, 601, 469, 451, 451, 319, 301, 301, 169, 151, 63, 188, 279, 301, 301, 184, 151, 73, 262, 323, 331, 316, 307, 301, 286, 277, 271, 256, 247, 241, 226, 217, 211, 196, 187, 181, 166, 157, 151, 136, 127, 121, 106, 97, 91, 76, 67, 61, 46, 37, 21, 32, 42, 55, 61, 55, 40, 27, 25, 45, 77, 86, 71, 56, 51, 51, 11], "layer_n_params": [16721, 589597, 657721, 536071, 436921, 436921, 337771, 322441, 398161, 303511, 303511, 398161, 303511, 303511, 398161, 303511, 231361, 231361, 159211, 109561, 109561, 59911, 54481, 90601, 45451, 45451, 90601, 45451, 45451, 90601, 45451, 22801, 7701, 10251, 60501, 90601, 90601, 45451, 22801, 7701, 82569, 2672969, 2725801, 2507869, 2280019, 2253001, 2054869, 1849519, 1825201, 1646869, 1464019, 1442401, 1283869, 1123519, 1104601, 965869, 828019, 811801, 692869, 577519, 564001, 464869, 372019, 361201, 281869, 211519, 203401, 143869, 96019, 90601, 50869, 25519, 9513, 11844, 52452, 83979, 90601, 55384, 27784, 11023, 19126, 84626, 106913, 104596, 97012, 92407, 86086, 79222, 75067, 69376, 63232, 59527, 54466, 49042, 45787, 41356, 36652, 33847, 30046, 26062, 23707, 20536, 17272, 15367, 12826, 10282, 8827, 6916, 5092, 4087, 2806, 1702, 777, 672, 1344, 2310, 3355, 3355, 2200, 1080, 675, 1125, 3465, 6622, 6106, 3976, 2856, 2601, 561]}}}}
