{"0.001": 1.0, "0.002": 1.0, "0.003": 1.0, "0.004": 1.0, "0.005": 1.0, "0.006": 1.0, "0.007": 1.0, "0.008": 1.0, "0.009000000000000001": 0.96, "0.010000000000000002": 0.9, "0.011": 0.7, "0.012": 0.62, "0.013000000000000001": 0.52, "0.014000000000000002": 0.22, "0.015": 0.22, "0.016": 0.08, "0.017": 0.12, "0.018000000000000002": 0.0, "0.019000000000000003": 0.0, "0.02": 0.0}