{"0.001": 1.0, "0.001090909090909091": 1.0, "0.0011818181818181819": 1.0, "0.0012727272727272728": 1.0, "0.0013636363636363637": 1.0, "0.0014545454545454547": 1.0, "0.0015454545454545456": 1.0, "0.0016363636363636363": 1.0, "0.0017272727272727275": 1.0, "0.0018181818181818182": 1.0, "0.0019090909090909093": 1.0, "0.002": 1.0, "0.002090909090909091": 1.0, "0.002181818181818182": 1.0, "0.0022727272727272726": 1.0, "0.0023636363636363638": 1.0, "0.002454545454545455": 1.0, "0.0025454545454545456": 1.0, "0.0026363636363636363": 1.0, "0.0027272727272727275": 1.0, "0.0028181818181818186": 1.0, "0.0029090909090909093": 1.0, "0.003": 1.0, "0.003090909090909091": 1.0, "0.003181818181818182": 1.0, "0.003272727272727273": 1.0, "0.003363636363636364": 1.0, "0.003454545454545455": 1.0, "0.0035454545454545456": 1.0, "0.003636363636363637": 1.0, "0.0037272727272727275": 1.0, "0.0038181818181818187": 1.0, "0.003909090909090909": 1.0, "0.004": 1.0, "0.004090909090909091": 1.0, "0.004181818181818182": 1.0, "0.0042727272727272735": 1.0, "0.004363636363636364": 1.0, "0.004454545454545455": 1.0, "0.004545454545454545": 1.0, "0.004636363636363636": 1.0, "0.0047272727272727275": 1.0, "0.004818181818181819": 1.0, "0.00490909090909091": 1.0, "0.005": 1.0, "0.005090909090909091": 1.0, "0.005181818181818182": 1.0, "0.0052727272727272735": 1.0, "0.005363636363636364": 1.0, "0.005454545454545455": 1.0, "0.005545454545454546": 1.0, "0.005636363636363636": 1.0, "0.0057272727272727275": 1.0, "0.005818181818181819": 1.0, "0.00590909090909091": 1.0, "0.006": 1.0, "0.006090909090909091": 1.0, "0.006181818181818182": 1.0, "0.006272727272727274": 1.0, "0.006363636363636364": 1.0, "0.006454545454545455": 1.0, "0.006545454545454546": 1.0, "0.006636363636363637": 1.0, "0.006727272727272728": 1.0, "0.006818181818181819": 1.0, "0.00690909090909091": 1.0, "0.007": 1.0, "0.007090909090909091": 1.0, "0.0071818181818181824": 1.0, "0.007272727272727274": 1.0, "0.007363636363636364": 1.0, "0.007454545454545455": 1.0, "0.007545454545454546": 1.0, "0.007636363636363637": 1.0, "0.007727272727272728": 1.0, "0.007818181818181818": 1.0, "0.00790909090909091": 1.0, "0.008": 1.0, "0.008090909090909091": 1.0, "0.008181818181818182": 1.0, "0.008272727272727274": 1.0, "0.008363636363636365": 0.9, "0.008454545454545454": 1.0, "0.008545454545454547": 0.95, "0.008636363636363636": 1.0, "0.008727272727272728": 0.95, "0.008818181818181819": 1.0, "0.008909090909090908": 1.0, "0.009000000000000001": 0.95, "0.00909090909090909": 0.95, "0.009181818181818183": 0.9, "0.009272727272727273": 1.0, "0.009363636363636366": 0.9, "0.009454545454545455": 0.95, "0.009545454545454548": 0.95, "0.009636363636363637": 0.9, "0.009727272727272727": 0.9, "0.00981818181818182": 0.85, "0.009909090909090909": 0.85, "0.01": 0.85}