{"0.001": 1.0, "0.002": 1.0, "0.003": 1.0, "0.004": 1.0, "0.005": 1.0, "0.006": 1.0, "0.007": 1.0, "0.008": 1.0, "0.009000000000000001": 1.0, "0.010000000000000002": 1.0, "0.011": 1.0, "0.012": 1.0, "0.013000000000000001": 0.98, "0.014000000000000002": 0.76, "0.015": 0.5, "0.016": 0.28, "0.017": 0.16, "0.018000000000000002": 0.0, "0.019000000000000003": 0.0, "0.02": 0.0}